Currency,Date,Closing Price (USD),24h Open (USD),24h High (USD),24h Low (USD),Closing Price
BTC,4/18/2020,7065.082389,7162.527231,7200.317209,6996.149109,7.065082389
BTC,4/19/2020,7277.140586,7065.066086,7301.814371,7029.015961,7.277140586
BTC,4/20/2020,7185.870303,7277.140654,7292.862985,7066.947185,7.185870303
BTC,4/21/2020,6856.146435,7185.870831,7221.915907,6764.430699,6.856146435
BTC,4/22/2020,6904.475773,6856.146426,6954.005137,6782.239371,6.904475773
BTC,4/23/2020,7118.388748,6904.476221,7165.520004,6831.947906,7.118388748
BTC,4/24/2020,7562.032832,7118.388915,7725.671699,7037.554845,7.562032832
BTC,4/25/2020,7497.861764,7556.01926,7608.311143,7407.266922,7.497861764
BTC,4/26/2020,7542.303401,7497.859881,7702.01898,7445.685898,7.542303401
BTC,4/27/2020,7624.853786,7542.303101,7707.594271,7503.770143,7.624853786
BTC,4/28/2020,7776.507543,7624.854338,7798.276656,7621.487082,7.776507543
BTC,4/29/2020,7761.758784,7788.574229,7793.636018,7677.178774,7.761758784
BTC,4/30/2020,8773.106488,7761.758619,8973.079277,7725.542654,8.773106488
BTC,5/1/2020,8767.672623,8768.04718,9469.078423,8415.47474,8.767672623
BTC,5/2/2020,8853.774484,8767.672143,9073.81753,8593.380363,8.853774484
BTC,5/3/2020,8963.057558,8850.788756,9037.341927,8780.037925,8.963057558
BTC,5/4/2020,8904.713817,9002.396916,9223.385534,8747.433419,8.904713817
BTC,5/5/2020,8887.505893,8904.559394,8968.532234,8539.511107,8.887505893
BTC,5/6/2020,8978.283587,8887.507473,9112.866151,8784.09959,8.978283587
BTC,5/7/2020,9371.684273,9032.183227,9392.635447,8927.777068,9.371684273
BTC,5/8/2020,9900.678867,9371.67997,9958.733998,9065.921045,9.900678867
BTC,5/9/2020,9917.248414,9903.830754,10062.71591,9732.806548,9.917248414
BTC,5/10/2020,9617.518195,9917.253174,9957.110928,9546.040993,9.617518195
BTC,5/11/2020,8786.655182,9616.377064,9650.018603,8166.492188,8.786655182
BTC,5/12/2020,8608.125245,8733.637943,9176.18639,8206.331505,8.608125245
BTC,5/13/2020,8815.231245,8608.119937,8980.624505,8509.564215,8.815231245
BTC,5/14/2020,9330.986485,8823.780831,9416.590183,8802.91656,9.330986485
BTC,5/15/2020,9757.296586,9330.985268,9940.956082,9273.416587,9.757296586
BTC,5/16/2020,9362.635557,9795.282556,9848.185361,9155.515351,9.362635557
BTC,5/17/2020,9418.918551,9362.636646,9583.062439,9219.362205,9.418918551
BTC,5/18/2020,9684.701959,9418.913715,9879.71204,9327.763833,9.684701959
BTC,5/19/2020,9723.68015,9673.836632,9933.976225,9523.848992,9.72368015
BTC,5/20/2020,9719.480854,9723.316993,9899.775994,9473.742266,9.719480854
BTC,5/21/2020,9540.886567,9719.254489,9834.557819,9332.915196,9.540886567
BTC,5/22/2020,9141.150637,9540.208922,9571.081815,8806.742839,9.141150637
BTC,5/23/2020,9192.845136,9139.890401,9265.2516,8934.380728,9.192845136
BTC,5/24/2020,9220.075887,9192.845255,9311.849338,9093.834315,9.220075887
BTC,5/25/2020,9048.715119,9219.746036,9301.179312,8856.470863,9.048715119
BTC,5/26/2020,8905.781605,9048.692372,9051.69296,8645.212548,8.905781605
BTC,5/27/2020,8835.727224,8905.746922,9010.897443,8707.124072,8.835727224
BTC,5/28/2020,9112.979176,8835.727224,9224.744965,8820.549193,9.112979176
BTC,5/29/2020,9507.524665,9113.177836,9523.457474,9008.05845,9.507524665
BTC,5/30/2020,9425.281869,9507.563792,9621.613231,9335.814886,9.425281869
BTC,5/31/2020,9688.32439,9434.033792,9732.943979,9334.912832,9.68832439
BTC,6/1/2020,9427.670084,9688.539932,9698.140854,9394.275387,9.427670084
BTC,6/2/2020,10268.58198,9427.232535,10357.78917,9417.354212,10.26858198
BTC,6/3/2020,9516.135443,10268.23188,10292.7031,9298.92095,9.516135443
BTC,6/4/2020,9667.060754,9516.379828,9680.206444,9406.971187,9.667060754
BTC,6/5/2020,9811.367095,9667.085402,9875.662127,9472.251048,9.811367095
BTC,6/6/2020,9659.661298,9811.829378,9860.231447,9619.617459,9.659661298
BTC,6/7/2020,9677.050995,9659.053118,9736.271128,9542.773398,9.677050995
BTC,6/8/2020,9737.458559,9677.050684,9804.446487,9392.842926,9.737458559
BTC,6/9/2020,9791.9279,9737.457447,9803.573516,9652.310114,9.7919279
BTC,6/10/2020,9786.14202,9790.073884,9870.519387,9610.024354,9.78614202
BTC,6/11/2020,9874.967048,9787.914131,9979.715526,9711.85958,9.874967048
BTC,6/12/2020,9260.832641,9875.014214,9962.180331,9108.473046,9.260832641
BTC,6/13/2020,9464.228097,9261.481444,9558.770602,9238.389181,9.464228097
BTC,6/14/2020,9458.659754,9464.086079,9492.899884,9359.847047,9.458659754
BTC,6/15/2020,9351.953728,9458.659753,9481.697453,9250.032408,9.351953728
BTC,6/16/2020,9441.768996,9351.605477,9498.609999,8910.198265,9.441768996
BTC,6/17/2020,9510.660637,9442.016988,9595.222935,9380.74608,9.510660637
BTC,6/18/2020,9457.627074,9510.641266,9557.46842,9240.646056,9.457627074
BTC,6/19/2020,9398.642094,9457.464837,9480.374487,9276.427094,9.398642094
BTC,6/20/2020,9279.760765,9398.685603,9427.177661,9236.657272,9.279760765
BTC,6/21/2020,9353.078196,9278.469146,9391.025094,9178.382279,9.353078196
BTC,6/22/2020,9289.104491,9353.078187,9412.648505,9278.923226,9.289104491
BTC,6/23/2020,9680.947128,9288.60316,9775.102839,9272.796157,9.680947128
BTC,6/24/2020,9609.680246,9680.947129,9720.765241,9576.910848,9.609680246
BTC,6/25/2020,9311.136318,9609.680246,9678.98608,9206.958895,9.311136318
BTC,6/26/2020,9252.633372,9310.989646,9333.346057,9002.374468,9.252633372
BTC,6/27/2020,9171.732086,9252.684713,9292.245367,9046.231365,9.171732086
BTC,6/28/2020,9022.153768,9171.554012,9192.768265,8843.317702,9.022153768
BTC,6/29/2020,9101.850057,9022.012126,9190.117478,8949.755974,9.101850057
BTC,6/30/2020,9188.061375,9101.877703,9233.529361,9032.435483,9.188061375
BTC,7/1/2020,9148.444859,9188.037401,9201.648794,9067.19084,9.148444859
BTC,7/2/2020,9236.31677,9141.34826,9300.998983,9096.778646,9.23631677
BTC,7/3/2020,9097.797366,9240.169628,9267.123022,8957.632801,9.097797366
BTC,7/4/2020,9094.324561,9097.683628,9132.985825,9065.858012,9.094324561
BTC,7/5/2020,9124.653534,9067.937487,9190.818987,9051.870726,9.124653534
BTC,7/6/2020,9055.464483,9141.07507,9149.765584,8919.762981,9.055464483
BTC,7/7/2020,9278.805637,9078.614127,9356.327421,9063.727627,9.278805637
BTC,7/8/2020,9244.415815,9344.987626,9374.083533,9216.518048,9.244415815
BTC,7/9/2020,9471.759973,9262.805251,9472.080067,9239.543297,9.471759973
BTC,7/10/2020,9236.143254,9444.728112,9449.911243,9173.165154,9.236143254
BTC,7/11/2020,9243.175259,9239.473351,9260.349785,9133.962338,9.243175259
BTC,7/12/2020,9229.859755,9289.580029,9304.962551,9190.032623,9.229859755
BTC,7/13/2020,9286.737042,9243.766253,9349.001062,9170.73536,9.286737042
BTC,7/14/2020,9238.993755,9310.395069,9339.806986,9206.291978,9.238993755
BTC,7/15/2020,9260.47098,9241.763724,9279.093222,9125.214524,9.26047098
BTC,7/16/2020,9211.026433,9261.511425,9275.45244,9167.649721,9.211026433
BTC,7/17/2020,9133.77783,9192.623666,9219.426492,9048.084922,9.13377783
BTC,7/18/2020,9160.410591,9132.454747,9186.96179,9085.977619,9.160410591
BTC,7/19/2020,9176.68639,9159.369281,9212.520944,9130.022301,9.17668639
BTC,7/20/2020,9190.271534,9182.914419,9197.726524,9117.058699,9.190271534
BTC,7/21/2020,9172.588333,9213.358566,9223.07652,9152.280649,9.172588333
BTC,7/22/2020,9395.064446,9166.298231,9445.579319,9159.972579,9.395064446
BTC,7/23/2020,9530.790885,9399.730238,9551.996412,9313.812944,9.530790885
BTC,7/24/2020,9617.377861,9534.116269,9681.909452,9452.744476,9.617377861
BTC,7/25/2020,9568.974726,9617.389459,9646.957118,9479.577351,9.568974726
BTC,7/26/2020,9708.94914,9557.065314,9746.556096,9546.032528,9.70894914
BTC,7/27/2020,9938.951223,9714.685123,10135.88216,9670.416834,9.938951223
BTC,7/28/2020,11187.77973,9940.111573,11394.84875,9930.83996,11.18777973
BTC,7/29/2020,10939.67014,11040.79047,11254.55134,10580.1286,10.93967014
BTC,7/30/2020,11284.45899,10930.45278,11318.0871,10852.88097,11.28445899
BTC,7/31/2020,11118.91841,11118.88858,11180.43064,10847.20085,11.11891841
BTC,8/1/2020,11373.31726,11112.42116,11467.95059,10980.82391,11.37331726
BTC,8/2/2020,11766.7483,11352.71504,11880.77364,11241.97677,11.7667483
BTC,8/3/2020,11139.09838,11820.51291,12117.67708,10658.94608,11.13909838
BTC,8/4/2020,11261.80633,11071.26711,11480.28338,10956.56291,11.26180633
BTC,8/5/2020,11228.02632,11237.22451,11400.06419,11045.96842,11.22802632
BTC,8/6/2020,11653.40759,11196.28746,11791.10323,11107.1352,11.65340759
BTC,8/7/2020,11796.81736,11756.89486,11917.76504,11581.57513,11.79681736
BTC,8/8/2020,11639.93541,11780.04401,11917.85915,11347.41279,11.63993541
BTC,8/9/2020,11744.91208,11610.9087,11814.95666,11543.3477,11.74491208
BTC,8/10/2020,11673.12324,11770.45097,11802.66293,11536.75286,11.67312324
BTC,8/11/2020,11832.22731,11693.17945,12070.44182,11546.95776,11.83222731
BTC,8/12/2020,11340.58234,11903.3335,11941.6518,11137.81368,11.34058234
BTC,8/13/2020,11549.54631,11399.06848,11626.23784,11166.54478,11.54954631
BTC,8/14/2020,11752.16866,11571.10263,11795.43575,11287.64679,11.75216866
BTC,8/15/2020,11783.28341,11789.95953,11867.28291,11663.41146,11.78328341
BTC,8/16/2020,11895.62695,11782.78559,11987.65155,11714.58902,11.89562695
BTC,8/17/2020,11896.94717,11862.38742,11938.8761,11705.49261,11.89694717
BTC,8/18/2020,12399.11188,11916.58022,12476.69704,11778.30371,12.39911188
BTC,8/19/2020,12071.73891,12299.81621,12391.84071,11840.39237,12.07173891
BTC,8/20/2020,11749.82951,11959.02939,12029.75799,11589.5762,11.74982951
BTC,8/21/2020,11833.89735,11766.18313,11899.96341,11690.15508,11.83389735
BTC,8/22/2020,11583.13894,11866.28401,11890.03166,11525.26123,11.58313894
BTC,8/23/2020,11674.62435,11539.71729,11694.47049,11393.21033,11.67462435
BTC,8/24/2020,11666.41012,11677.05824,11726.23458,11539.08981,11.66641012
BTC,8/25/2020,11744.0127,11660.39682,11835.35928,11601.74066,11.7440127
BTC,8/26/2020,11378.72603,11759.3614,11771.3353,11133.16876,11.37872603
BTC,8/27/2020,11458.8226,11334.03573,11546.20239,11265.22814,11.4588226
BTC,8/28/2020,11302.12096,11467.29065,11594.64626,11157.08574,11.30212096
BTC,8/29/2020,11482.22569,11339.74802,11553.53918,11294.18591,11.48222569
BTC,8/30/2020,11515.04443,11540.72864,11586.30657,11435.40076,11.51504443
BTC,8/31/2020,11657.00393,11483.12875,11694.6708,11476.07202,11.65700393
BTC,9/1/2020,11678.37326,11712.97262,11799.52944,11579.88329,11.67837326
BTC,9/2/2020,11964.20867,11661.42734,12070.22741,11544.42003,11.96420867
BTC,9/3/2020,11427.7026,11923.19964,11954.16268,11217.45383,11.4277026
BTC,9/4/2020,10712.92065,11409.72633,11470.80702,10505.14681,10.71292065
BTC,9/5/2020,10563.89694,10177.72164,10644.24117,10118.71861,10.56389694
BTC,9/6/2020,10042.85485,10470.02669,10574.30731,9894.2254,10.04285485
BTC,9/7/2020,10207.605,10174.86343,10355.65249,10014.27766,10.207605
BTC,9/8/2020,10381.77611,10265.74299,10383.11924,9891.734243,10.38177611
BTC,9/9/2020,10043.19644,10381.67682,10444.17113,9868.937984,10.04319644
BTC,9/10/2020,10268.46092,10136.56084,10352.41519,9989.510556,10.26846092
BTC,9/11/2020,10341.01598,10230.63553,10483.56121,10224.03739,10.34101598
BTC,9/12/2020,10380.5396,10347.66121,10403.75568,10214.66973,10.3805396
BTC,9/13/2020,10436.36541,10400.85545,10484.8759,10286.42747,10.43636541
BTC,9/14/2020,10313.06858,10450.94952,10585.88066,10226.42392,10.31306858
BTC,9/15/2020,10680.29756,10337.71258,10759.1361,10281.58014,10.68029756
BTC,9/16/2020,10829.50531,10683.00291,10944.65131,10636.18826,10.82950531
BTC,9/17/2020,11033.38353,10792.31023,11103.79648,10683.79026,11.03338353
BTC,9/18/2020,10937.11126,10966.38648,11061.28463,10762.41738,10.93711126
BTC,9/19/2020,10933.93116,10947.23137,11035.0532,10830.85247,10.93393116
BTC,9/20/2020,11048.87928,10940.13447,11180.39531,10904.19962,11.04887928
BTC,9/21/2020,10852.91014,11085.429,11085.429,10773.33219,10.85291014
BTC,9/22/2020,10526.20289,10925.51079,10991.69454,10322.59482,10.52620289
BTC,9/23/2020,10531.16456,10423.27155,10579.30131,10371.91657,10.53116456
BTC,9/24/2020,10260.03301,10536.31722,10541.16888,10209.06313,10.26003301
BTC,9/25/2020,10672.95681,10241.16589,10712.49925,10200.88278,10.67295681
BTC,9/26/2020,10729.06961,10736.65234,10759.7111,10569.43458,10.72906961
BTC,9/27/2020,10741.47647,10692.46427,10777.57591,10657.52315,10.74147647
BTC,9/28/2020,10752.34545,10734.50124,10802.37407,10599.58841,10.75234545
BTC,9/29/2020,10863.06572,10776.30436,10948.06266,10776.30436,10.86306572
BTC,9/30/2020,10764.28437,10691.97856,10793.60349,10640.69415,10.76428437
BTC,10/1/2020,10741.57955,10843.38826,10849.73073,10672.79503,10.74157955
BTC,10/2/2020,10626.60096,10778.89849,10931.6335,10470.69372,10.62660096
BTC,10/3/2020,10567.3302,10624.91072,10670.71056,10386.91138,10.5673302
BTC,10/4/2020,10555.02868,10578.91957,10609.23748,10512.33934,10.55502868
BTC,10/5/2020,10660.61118,10559.31466,10702.51138,10535.82272,10.66061118
BTC,10/6/2020,10756.40458,10672.16544,10770.46301,10630.95649,10.75640458
BTC,10/7/2020,10589.62639,10793.15206,10798.98132,10543.48911,10.58962639
BTC,10/8/2020,10645.75479,10600.66078,10680.64123,10554.84167,10.64575479
BTC,10/9/2020,10897.59543,10669.07004,10949.34337,10544.3758,10.89759543
BTC,10/10/2020,11052.39508,10929.59262,11106.33446,10843.4743,11.05239508
BTC,10/11/2020,11360.85272,11059.81357,11484.16448,11058.74049,11.36085272
BTC,10/12/2020,11334.02674,11293.20701,11436.21148,11282.50356,11.33402674
BTC,10/13/2020,11666.2117,11372.10996,11723.64386,11210.86134,11.6662117
BTC,10/14/2020,11443.73279,11534.60957,11564.64006,11333.53492,11.44373279
BTC,10/15/2020,11395.54737,11431.09404,11540.06492,11302.77704,11.39554737
BTC,10/16/2020,11504.54901,11433.45754,11610.2504,11291.89809,11.50454901
BTC,10/17/2020,11355.16044,11511.9022,11544.48601,11227.07106,11.35516044
BTC,10/18/2020,11358.70638,11329.99473,11410.16368,11282.94789,11.35870638
BTC,10/19/2020,11471.00255,11368.41235,11486.98541,11356.17416,11.47100255
BTC,10/20/2020,11776.593,11514.6451,11825.64774,11419.08229,11.776593
BTC,10/21/2020,11936.36291,11754.18203,11993.92588,11693.78394,11.93636291
BTC,10/22/2020,13102.93446,11920.41139,13109.16597,11900.21384,13.10293446
BTC,10/23/2020,13140.66928,12801.68807,13192.25287,12697.45705,13.14066928
BTC,10/24/2020,12933.82357,12980.8801,13029.96389,12731.05779,12.93382357
BTC,10/25/2020,13081.67256,12929.8494,13168.33883,12877.93801,13.08167256
BTC,10/26/2020,13008.45326,13115.83352,13342.75028,12906.70059,13.00845326
BTC,10/27/2020,13033.52427,13038.91554,13243.9959,12811.54603,13.03352427
BTC,10/28/2020,13721.28222,13069.23614,13756.3317,13062.40879,13.72128222
BTC,10/29/2020,13282.26035,13647.57292,13847.53352,12894.89932,13.28226035
BTC,10/30/2020,13467.73178,13280.36559,13640.13894,12994.98437,13.46773178
BTC,10/31/2020,13573.7105,13461.38352,13667.74723,13134.48008,13.5737105
BTC,11/1/2020,13891.21683,13574.92722,14093.05295,13438.93538,13.89121683
BTC,11/2/2020,13730.19731,13810.64198,13907.31295,13641.54034,13.73019731
BTC,11/3/2020,13633.69822,13768.95676,13837.85118,13270.20734,13.63369822
BTC,11/4/2020,13832.93841,13565.13068,13842.47454,13301.61195,13.83293841
BTC,11/5/2020,14163.97682,14014.73488,14257.52971,13582.4022,14.16397682
BTC,11/6/2020,15424.52768,14156.60864,15494.57817,14104.90209,15.42452768
BTC,11/7/2020,15540.59659,15607.5055,15971.64142,15202.76451,15.54059659
BTC,11/8/2020,14783.98168,15603.25854,15764.1047,14330.68183,14.78398168
BTC,11/9/2020,15500.33425,14820.43647,15657.12904,14711.54819,15.50033425
BTC,11/10/2020,15283.78014,15481.90608,15810.77379,14845.79176,15.28378014
BTC,11/11/2020,15374.04439,15327.58839,15448.41275,15092.3898,15.37404439
BTC,11/12/2020,15820.49524,15316.74901,15973.07608,15294.29332,15.82049524
BTC,11/13/2020,16253.31027,15701.8651,16348.4628,15474.76108,16.25331027
BTC,11/14/2020,16347.04492,16302.8428,16487.48815,15971.1428,16.34704492
BTC,11/15/2020,15991.83302,16329.79889,16333.51314,15718.88879,15.99183302
BTC,11/16/2020,15918.08013,16078.97001,16167.39692,15792.77908,15.91808013
BTC,11/17/2020,16752.00299,15969.51601,16885.58019,15881.70385,16.75200299
BTC,11/18/2020,17593.48641,16718.59966,17831.23118,16560.99963,17.59348641
BTC,11/19/2020,17834.63653,17672.65284,18358.97625,17283.49485,17.83463653
BTC,11/20/2020,17954.85801,17786.21258,18170.83027,17381.23626,17.95485801
BTC,11/21/2020,18612.87067,17823.3433,18813.40769,17762.92882,18.61287067
BTC,11/22/2020,18591.8566,18666.58022,18964.64351,18368.28996,18.5918566
BTC,11/23/2020,18629.99554,18683.8472,18732.99132,17806.2676,18.62999554
BTC,11/24/2020,18469.20047,18405.5557,18752.16004,17990.11089,18.46920047
BTC,11/25/2020,19045.73647,18370.21961,19392.90868,18059.26543,19.04573647
BTC,11/26/2020,18746.93481,19136.08297,19391.46366,18640.64218,18.74693481
BTC,11/27/2020,17187.40628,18719.20716,18908.63553,16242.70294,17.18740628
BTC,11/28/2020,17023.9614,17180.71873,17482.2001,16489.30267,17.0239614
BTC,11/29/2020,17814.78028,17159.1095,17901.38262,16906.1761,17.81478028
BTC,11/30/2020,18114.41435,17742.82304,18356.31323,17545.19622,18.11441435
BTC,12/1/2020,19382.36059,18201.27725,19850.11449,18201.27725,19.38236059
BTC,12/2/2020,18980.97745,19677.98984,19920.53426,18171.75051,18.98097745
BTC,12/3/2020,19184.89785,18796.74864,19357.16459,18360.23172,19.18489785
BTC,12/4/2020,19464.5317,19220.59015,19607.85534,18899.48869,19.4645317
BTC,12/5/2020,18813.12476,19441.5588,19539.86235,18717.12493,18.81312476
BTC,12/6/2020,19045.02027,18668.15855,19200.79191,18518.85142,19.04502027
BTC,12/7/2020,19113.9334,19162.26446,19347.62491,18927.29956,19.1139334
BTC,12/8/2020,19107.5998,19373.44523,19433.09749,18931.5713,19.1075998
BTC,12/9/2020,18682.45783,19177.92617,19299.04708,18630.74248,18.68245783
BTC,12/10/2020,18543.00705,18320.23313,18618.96013,17640.56207,18.54300705
BTC,12/11/2020,18359.4766,18557.45291,18565.21617,17904.06899,18.3594766
BTC,12/12/2020,18137.31937,18255.77375,18293.55273,17593.1721,18.13731937
BTC,12/13/2020,18882.26017,18040.17062,18956.34444,18029.14317,18.88226017
BTC,12/14/2020,19060.2769,18822.50994,19408.67465,18726.84709,19.0602769
BTC,12/15/2020,19251.224,19161.13847,19323.16531,19015.68597,19.251224
BTC,12/16/2020,19443.47635,19264.6703,19552.37198,19053.34247,19.44347635
BTC,12/17/2020,21310.65626,19433.14137,21447.52385,19293.29896,21.31065626
BTC,12/18/2020,22895.97624,21351.25481,23770.84657,21248.36533,22.89597624
BTC,12/19/2020,23008.77626,22819.5589,23261.25288,22357.60765,23.00877626
BTC,12/20/2020,23890.82265,23126.60677,24122.67327,22781.87678,23.89082265
BTC,12/21/2020,23537.36989,23829.2848,24273.0415,23085.95477,23.53736989
BTC,12/22/2020,23177.271,23476.0875,24081.05309,21960.19135,23.177271
BTC,12/23/2020,23433.98076,22729.65929,23629.40446,22384.12785,23.43398076
BTC,12/24/2020,23224.45414,23791.56529,24086.95066,22644.56106,23.22445414
BTC,12/25/2020,23623.88553,23228.90909,23737.75715,22716.17417,23.62388553
BTC,12/26/2020,24581.00617,23726.191,24627.29791,23422.31033,24.58100617
BTC,12/27/2020,26381.29623,24708.20678,26750.87995,24497.41087,26.38129623
BTC,12/28/2020,26389.29026,26447.70807,28352.62782,25759.06861,26.38929026
BTC,12/29/2020,26718.02946,26226.06613,27447.55138,26046.62558,26.71802946
BTC,12/30/2020,26975.72956,27038.73568,27169.22556,25875.04979,26.97572956
BTC,12/31/2020,28768.83621,27349.32723,28928.21439,27349.2832,28.76883621
BTC,1/1/2021,29111.52157,28872.82977,29280.04533,27916.62506,29.11152157
BTC,1/2/2021,29333.60512,28935.81098,29601.5949,28753.41231,29.33360512
BTC,1/3/2021,32154.16736,29353.64061,33064.67353,29012.92789,32.15416736
BTC,1/4/2021,33002.53643,32074.10661,34452.08034,31885.58162,33.00253643
BTC,1/5/2021,31431.61228,32788.58345,33358.39935,28154.1103,31.43161228
BTC,1/6/2021,34433.60651,31991.92686,34435.41748,29948.65363,34.43360651
BTC,1/7/2021,36275.75635,34001.34476,36461.69177,33351.02812,36.27575635
BTC,1/8/2021,39713.50786,36806.41976,40324.01403,36356.43076,39.71350786
BTC,1/9/2021,40519.4486,39420.8007,41962.36213,36741.33018,40.5194486
BTC,1/10/2021,40258.92399,40558.10212,41375.43068,38766.27616,40.25892399
BTC,1/11/2021,38709.76537,40096.3332,41186.52343,34897.55047,38.70976537
BTC,1/12/2021,34409.64238,38132.53579,38204.75441,30305.30005,34.40964238
BTC,1/13/2021,34214.61026,35432.85914,36566.90906,32538.94117,34.21461026
BTC,1/14/2021,37017.0075,34070.32562,37798.8601,32470.58526,37.0170075
BTC,1/15/2021,38435.86351,37373.16196,40066.31976,36770.79512,38.43586351
BTC,1/16/2021,36751.58497,39127.67852,39673.0723,34425.48794,36.75158497
BTC,1/17/2021,36016.77961,36752.77118,37943.51217,35398.86752,36.01677961
BTC,1/18/2021,36375.81138,36016.75309,36840.13285,33870.13838,36.37581138
BTC,1/19/2021,36346.6095,35847.83342,37440.40401,34816.28925,36.3466095
BTC,1/20/2021,36577.51965,36639.98591,37876.15893,36136.53557,36.57751965
BTC,1/21/2021,35004.53263,35909.43225,36409.7086,33430.82199,35.00453263
BTC,1/22/2021,30606.18268,35491.42392,35612.7372,30077.27896,30.60618268
BTC,1/23/2021,33368.36593,30844.83315,33873.77299,28845.31148,33.36836593
BTC,1/24/2021,32070.09743,33000.44664,33501.24845,31451.2963,32.07009743
BTC,1/25/2021,32285.72613,32107.39182,33088.54855,30987.70386,32.28572613
BTC,1/26/2021,32500.25596,32297.50417,34893.98402,31949.28237,32.50025596
BTC,1/27/2021,32324.55565,32270.82562,32770.80461,31062.54953,32.32455565
BTC,1/28/2021,30534.99937,32497.84846,32570.2815,29452.78559,30.53499937
BTC,1/29/2021,33408.21834,30426.0844,33481.48542,29921.96008,33.40821834
BTC,1/30/2021,34842.55739,33424.59559,38468.07829,31984.00892,34.84255739
BTC,1/31/2021,34622.37323,34265.37666,34920.29115,32945.36998,34.62237323
BTC,2/1/2021,33087.36986,34304.23451,34373.73401,32229.54518,33.08736986
BTC,2/2/2021,33613.32076,33138.77651,34715.65573,32341.98991,33.61332076
BTC,2/3/2021,35632.90195,33525.28825,36008.31082,33437.74691,35.63290195
BTC,2/4/2021,37397.42636,35519.70777,37505.30371,35416.73178,37.39742636
BTC,2/5/2021,37256.25211,37645.94564,38731.08795,36207.49431,37.25625211
BTC,2/6/2021,37851.59659,36970.81227,38332.41692,36637.64562,37.85159659
BTC,2/7/2021,40302.79979,38305.27539,40999.04684,38233.72667,40.30279979
BTC,2/8/2021,38461.6814,39253.22773,39698.0659,37388.34169,38.4616814
BTC,2/9/2021,44716.68547,38853.29945,44981.86,38036.28325,44.71668547
BTC,2/10/2021,46674.85169,46433.48964,48226.25089,45058.069,46.67485169
BTC,2/11/2021,45237.47569,46512.99056,47374.35591,43886.27604,45.23747569
BTC,2/12/2021,47500.89752,44859.84767,48600.63193,44070.72706,47.50089752
BTC,2/13/2021,47884.18286,47992.62291,48925.53448,46550.14795,47.88418286
BTC,2/14/2021,47005.19065,47405.55715,48189.77799,46333.57366,47.00519065
BTC,2/15/2021,49151.16758,47231.13334,49716.43638,47105.17175,49.15116758
BTC,2/16/2021,48125.9922,48654.83072,49037.91611,45926.25155,48.1259922
BTC,2/17/2021,48840.41447,47944.48497,50584.84895,47088.83608,48.84041447
BTC,2/18/2021,52165.30256,49186.33387,52621.83507,48990.89519,52.16530256
BTC,2/19/2021,51728.5088,52146.00339,52532.29712,50971.74318,51.7285088
BTC,2/20/2021,55719.20436,51598.14371,56283.54984,50821.47282,55.71920436
BTC,2/21/2021,54801.64864,55917.03918,57487.02831,54039.67392,54.80164864
BTC,2/22/2021,57128.64261,55913.35145,58332.36462,55531.5507,57.12864261
BTC,2/23/2021,54181.91465,57453.35801,57535.86348,47780.74958,54.18191465
BTC,2/24/2021,48172.87748,54124.53909,54180.23218,45047.78286,48.17287748
BTC,2/25/2021,48745.43298,48923.03508,51413.61356,47032.52426,48.74543298
BTC,2/26/2021,48291.41208,49746.65163,52076.31772,47501.6748,48.29141208
BTC,2/27/2021,45752.11492,47135.55173,48453.73863,44279.44954,45.75211492
BTC,2/28/2021,46642.60608,46326.82407,48353.001,46207.70578,46.64260608
BTC,3/1/2021,45092.80657,46204.05856,46675.19785,43119.15702,45.09280657
BTC,3/2/2021,49248.91401,45234.36876,49520.72499,45044.38376,49.24891401
BTC,3/3/2021,47900.77688,49636.02146,50211.43717,47200.04217,47.90077688
BTC,3/4/2021,50811.85517,48526.99036,52636.22299,48195.1231,50.81185517
BTC,3/5/2021,48259.48708,50433.43615,51781.96783,47578.30723,48.25948708
BTC,3/6/2021,49149.73083,48404.21363,49462.13301,46393.39146,49.14973083
BTC,3/7/2021,48879.1519,48791.79051,49173.76187,47127.04097,48.8791519
BTC,3/8/2021,50594.69857,48887.56641,51222.8723,48887.56641,50.59469857
BTC,3/9/2021,51503.25813,50948.88071,51916.41395,49390.18272,51.50325813
BTC,3/10/2021,54458.03781,52360.74816,54804.07845,51865.59003,54.45803781
BTC,3/11/2021,56915.17394,54924.68653,57336.74541,53101.23637,56.91517394
BTC,3/12/2021,57636.75796,55898.86482,58034.70396,54323.6085,57.63675796
BTC,3/13/2021,57306.16626,57817.27021,58077.9516,55116.25835,57.30616626
BTC,3/14/2021,60743.04182,57227.23345,61556.59449,56124.14999,60.74304182
BTC,3/15/2021,60197.90199,60972.49128,61453.05834,59275.70383,60.19790199
BTC,3/16/2021,56300.33411,58962.48846,60570.69365,54790.32931,56.30033411
BTC,3/17/2021,56639.78395,55668.62353,56821.88244,53350.36773,56.63978395
BTC,3/18/2021,58567.28378,56908.56502,58923.54893,54201.70163,58.56728378
BTC,3/19/2021,57983.09474,58883.01836,60074.36985,57075.06857,57.98309474
BTC,3/20/2021,58451.73147,57661.41518,59461.77526,56327.79283,58.45173147
BTC,3/21/2021,58593.60245,58127.68804,59919.21177,57914.89451,58.59360245
BTC,3/22/2021,57796.46737,58139.30027,58649.13419,55645.05427,57.79646737
BTC,3/23/2021,54329.35863,57389.21162,58407.61921,53795.15409,54.32935863
BTC,3/24/2021,54794.29771,54143.10604,55858.36925,53031.32679,54.79429771
BTC,3/25/2021,52787.74553,54375.80763,57225.29881,51777.97109,52.78774553
BTC,3/26/2021,52173.86798,52335.56503,53209.40638,50458.09997,52.17386798
BTC,3/27/2021,54483.04573,51344.04898,54806.88151,51286.29118,54.48304573
BTC,3/28/2021,56234.35611,55067.8244,56520.30729,54022.07694,56.23435611
BTC,3/29/2021,55343.92582,55843.74892,56541.00653,54741.62637,55.34392582
BTC,3/30/2021,57627.67925,55786.54607,58353.52939,54929.68059,57.62767925
BTC,3/31/2021,58734.47543,57613.16126,59379.99216,57069.22927,58.73447543
BTC,4/1/2021,58724.66452,58810.15589,59835.39233,56934.31212,58.72466452
BTC,4/2/2021,58984.61293,58764.43309,59458.98456,57973.3521,58.98461293
BTC,4/3/2021,58821.62699,58726.08457,60101.75233,58478.59835,58.82162699
BTC,4/4/2021,57517.79877,58958.42898,59713.21014,57185.76801,57.51779877
BTC,4/5/2021,58177.40276,57134.86005,58540.98471,56552.22227,58.17740276
BTC,4/6/2021,58843.55954,58230.67554,59243.03618,56846.96905,58.84355954
BTC,4/7/2021,58040.1876,59133.65574,59484.19947,57421.85309,58.0401876
BTC,4/8/2021,56508.94286,58030.62185,58645.77297,55541.90613,56.50894286
BTC,4/9/2021,57880.90568,55996.08036,58179.65686,55758.49118,57.88090568
BTC,4/10/2021,58171.90902,58094.74413,58880.82161,57717.85978,58.17190902
BTC,4/11/2021,59295.95004,58149.65059,61065.22262,57924.07526,59.29595004
BTC,4/12/2021,59822.90168,59765.10382,60588.47197,59229.86011,59.82290168
BTC,4/13/2021,59853.19724,59998.15991,61219.71861,59428.21475,59.85319724
BTC,4/14/2021,63223.88439,59841.56137,63707.34236,59799.44058,63.22388439
BTC,4/15/2021,62926.55718,63562.67354,64801.78787,61400.28397,62.92655718
BTC,4/16/2021,63346.78904,62987.27018,63850.25073,62094.63291,63.34678904
BTC,4/17/2021,61965.7826,63225.09392,63520.32537,60033.53467,61.9657826
BTC,4/18/2021,60574.44473,61444.2325,62534.0285,59802.88927,60.57444473
