Currency,Date,Closing Price (USD),24h Open (USD),24h High (USD),24h Low (USD),Closing_Price
BTC,2020-05-21,9540.886567,9719.254489,9834.557819,9332.915196,0.954088657
BTC,2020-05-22,9141.150637,9540.208922,9571.081815,8806.742839,0.914115064
BTC,2020-05-23,9192.845136,9139.890401,9265.2516,8934.380728,0.919284514
BTC,2020-05-24,9220.075887,9192.845255,9311.849338,9093.834315,0.922007589
BTC,2020-05-25,9048.715119,9219.746036,9301.179312,8856.470863,0.904871512
BTC,2020-05-26,8905.781605,9048.692372,9051.69296,8645.212548,0.89057816
BTC,2020-05-27,8835.727224,8905.746922,9010.897443,8707.124072,0.883572722
BTC,2020-05-28,9112.979176,8835.727224,9224.744965,8820.549193,0.911297918
BTC,2020-05-29,9507.524665,9113.177836,9523.457474,9008.05845,0.950752466
BTC,2020-05-30,9425.281869,9507.563792,9621.613231,9335.814886,0.942528187
BTC,2020-05-31,9688.32439,9434.033792,9732.943979,9334.912832,0.968832439
BTC,2020-06-01,9427.670084,9688.539932,9698.140854,9394.275387,0.942767008
BTC,2020-06-02,10268.58198,9427.232535,10357.78917,9417.354212,1.026858198
BTC,2020-06-03,9516.135443,10268.23188,10292.7031,9298.92095,0.951613544
BTC,2020-06-04,9667.060754,9516.379828,9680.206444,9406.971187,0.966706075
BTC,2020-06-05,9811.367095,9667.085402,9875.662127,9472.251048,0.981136709
BTC,2020-06-06,9659.661298,9811.829378,9860.231447,9619.617459,0.96596613
BTC,2020-06-07,9677.050995,9659.053118,9736.271128,9542.773398,0.967705099
BTC,2020-06-08,9737.458559,9677.050684,9804.446487,9392.842926,0.973745856
BTC,2020-06-09,9791.9279,9737.457447,9803.573516,9652.310114,0.97919279
BTC,2020-06-10,9786.14202,9790.073884,9870.519387,9610.024354,0.978614202
BTC,2020-06-11,9874.967048,9787.914131,9979.715526,9711.85958,0.987496705
BTC,2020-06-12,9260.832641,9875.014214,9962.180331,9108.473046,0.926083264
BTC,2020-06-13,9464.228097,9261.481444,9558.770602,9238.389181,0.94642281
BTC,2020-06-14,9458.659754,9464.086079,9492.899884,9359.847047,0.945865975
BTC,2020-06-15,9351.953728,9458.659753,9481.697453,9250.032408,0.935195373
BTC,2020-06-16,9441.768996,9351.605477,9498.609999,8910.198265,0.9441769
BTC,2020-06-17,9510.660637,9442.016988,9595.222935,9380.74608,0.951066064
BTC,2020-06-18,9457.627074,9510.641266,9557.46842,9240.646056,0.945762707
BTC,2020-06-19,9398.642094,9457.464837,9480.374487,9276.427094,0.939864209
BTC,2020-06-20,9279.760765,9398.685603,9427.177661,9236.657272,0.927976077
BTC,2020-06-21,9353.078196,9278.469146,9391.025094,9178.382279,0.93530782
BTC,2020-06-22,9289.104491,9353.078187,9412.648505,9278.923226,0.928910449
BTC,2020-06-23,9680.947128,9288.60316,9775.102839,9272.796157,0.968094713
BTC,2020-06-24,9609.680246,9680.947129,9720.765241,9576.910848,0.960968025
BTC,2020-06-25,9311.136318,9609.680246,9678.98608,9206.958895,0.931113632
BTC,2020-06-26,9252.633372,9310.989646,9333.346057,9002.374468,0.925263337
BTC,2020-06-27,9171.732086,9252.684713,9292.245367,9046.231365,0.917173209
BTC,2020-06-28,9022.153768,9171.554012,9192.768265,8843.317702,0.902215377
BTC,2020-06-29,9101.850057,9022.012126,9190.117478,8949.755974,0.910185006
BTC,2020-06-30,9188.061375,9101.877703,9233.529361,9032.435483,0.918806138
BTC,2020-07-01,9148.444859,9188.037401,9201.648794,9067.19084,0.914844486
BTC,2020-07-02,9236.31677,9141.34826,9300.998983,9096.778646,0.923631677
BTC,2020-07-03,9097.797366,9240.169628,9267.123022,8957.632801,0.909779737
BTC,2020-07-04,9094.324561,9097.683628,9132.985825,9065.858012,0.909432456
BTC,2020-07-05,9124.653534,9067.937487,9190.818987,9051.870726,0.912465353
BTC,2020-07-06,9055.464483,9141.07507,9149.765584,8919.762981,0.905546448
BTC,2020-07-07,9278.805637,9078.614127,9356.327421,9063.727627,0.927880564
BTC,2020-07-08,9244.415815,9344.987626,9374.083533,9216.518048,0.924441581
BTC,2020-07-09,9471.759973,9262.805251,9472.080067,9239.543297,0.947175997
BTC,2020-07-10,9236.143254,9444.728112,9449.911243,9173.165154,0.923614325
BTC,2020-07-11,9243.175259,9239.473351,9260.349785,9133.962338,0.924317526
BTC,2020-07-12,9229.859755,9289.580029,9304.962551,9190.032623,0.922985975
BTC,2020-07-13,9286.737042,9243.766253,9349.001062,9170.73536,0.928673704
BTC,2020-07-14,9238.993755,9310.395069,9339.806986,9206.291978,0.923899375
BTC,2020-07-15,9260.47098,9241.763724,9279.093222,9125.214524,0.926047098
BTC,2020-07-16,9211.026433,9261.511425,9275.45244,9167.649721,0.921102643
BTC,2020-07-17,9133.77783,9192.623666,9219.426492,9048.084922,0.913377783
BTC,2020-07-18,9160.410591,9132.454747,9186.96179,9085.977619,0.916041059
BTC,2020-07-19,9176.68639,9159.369281,9212.520944,9130.022301,0.917668639
BTC,2020-07-20,9190.271534,9182.914419,9197.726524,9117.058699,0.919027153
BTC,2020-07-21,9172.588333,9213.358566,9223.07652,9152.280649,0.917258833
BTC,2020-07-22,9395.064446,9166.298231,9445.579319,9159.972579,0.939506445
BTC,2020-07-23,9530.790885,9399.730238,9551.996412,9313.812944,0.953079089
BTC,2020-07-24,9617.377861,9534.116269,9681.909452,9452.744476,0.961737786
BTC,2020-07-25,9568.974726,9617.389459,9646.957118,9479.577351,0.956897473
BTC,2020-07-26,9708.94914,9557.065314,9746.556096,9546.032528,0.970894914
BTC,2020-07-27,9938.951223,9714.685123,10135.88216,9670.416834,0.993895122
BTC,2020-07-28,11187.77973,9940.111573,11394.84875,9930.83996,1.118777973
BTC,2020-07-29,10939.67014,11040.79047,11254.55134,10580.1286,1.093967014
BTC,2020-07-30,11284.45899,10930.45278,11318.0871,10852.88097,1.128445899
BTC,2020-07-31,11118.91841,11118.88858,11180.43064,10847.20085,1.111891841
BTC,2020-08-01,11373.31726,11112.42116,11467.95059,10980.82391,1.137331726
BTC,2020-08-02,11766.7483,11352.71504,11880.77364,11241.97677,1.17667483
BTC,2020-08-03,11139.09838,11820.51291,12117.67708,10658.94608,1.113909838
BTC,2020-08-04,11261.80633,11071.26711,11480.28338,10956.56291,1.126180633
BTC,2020-08-05,11228.02632,11237.22451,11400.06419,11045.96842,1.122802632
BTC,2020-08-06,11653.40759,11196.28746,11791.10323,11107.1352,1.165340759
BTC,2020-08-07,11796.81736,11756.89486,11917.76504,11581.57513,1.179681736
BTC,2020-08-08,11639.93541,11780.04401,11917.85915,11347.41279,1.163993541
BTC,2020-08-09,11744.91208,11610.9087,11814.95666,11543.3477,1.174491208
BTC,2020-08-10,11673.12324,11770.45097,11802.66293,11536.75286,1.167312324
BTC,2020-08-11,11832.22731,11693.17945,12070.44182,11546.95776,1.183222731
BTC,2020-08-12,11340.58234,11903.3335,11941.6518,11137.81368,1.134058234
BTC,2020-08-13,11549.54631,11399.06848,11626.23784,11166.54478,1.154954631
BTC,2020-08-14,11752.16866,11571.10263,11795.43575,11287.64679,1.175216866
BTC,2020-08-15,11783.28341,11789.95953,11867.28291,11663.41146,1.178328341
BTC,2020-08-16,11895.62695,11782.78559,11987.65155,11714.58902,1.189562695
BTC,2020-08-17,11896.94717,11862.38742,11938.8761,11705.49261,1.189694717
BTC,2020-08-18,12399.11188,11916.58022,12476.69704,11778.30371,1.239911188
BTC,2020-08-19,12071.73891,12299.81621,12391.84071,11840.39237,1.207173891
BTC,2020-08-20,11749.82951,11959.02939,12029.75799,11589.5762,1.174982951
BTC,2020-08-21,11833.89735,11766.18313,11899.96341,11690.15508,1.183389735
BTC,2020-08-22,11583.13894,11866.28401,11890.03166,11525.26123,1.158313894
BTC,2020-08-23,11674.62435,11539.71729,11694.47049,11393.21033,1.167462435
BTC,2020-08-24,11666.41012,11677.05824,11726.23458,11539.08981,1.166641012
BTC,2020-08-25,11744.0127,11660.39682,11835.35928,11601.74066,1.17440127
BTC,2020-08-26,11378.72603,11759.3614,11771.3353,11133.16876,1.137872603
BTC,2020-08-27,11458.8226,11334.03573,11546.20239,11265.22814,1.14588226
BTC,2020-08-28,11302.12096,11467.29065,11594.64626,11157.08574,1.130212096
BTC,2020-08-29,11482.22569,11339.74802,11553.53918,11294.18591,1.148222569
BTC,2020-08-30,11515.04443,11540.72864,11586.30657,11435.40076,1.151504443
BTC,2020-08-31,11657.00393,11483.12875,11694.6708,11476.07202,1.165700393
BTC,2020-09-01,11678.37326,11712.97262,11799.52944,11579.88329,1.167837326
BTC,2020-09-02,11964.20867,11661.42734,12070.22741,11544.42003,1.196420867
BTC,2020-09-03,11427.7026,11923.19964,11954.16268,11217.45383,1.14277026
BTC,2020-09-04,10712.92065,11409.72633,11470.80702,10505.14681,1.071292065
BTC,2020-09-05,10563.89694,10177.72164,10644.24117,10118.71861,1.056389694
BTC,2020-09-06,10042.85485,10470.02669,10574.30731,9894.2254,1.004285485
BTC,2020-09-07,10207.605,10174.86343,10355.65249,10014.27766,1.0207605
BTC,2020-09-08,10381.77611,10265.74299,10383.11924,9891.734243,1.038177611
BTC,2020-09-09,10043.19644,10381.67682,10444.17113,9868.937984,1.004319644
BTC,2020-09-10,10268.46092,10136.56084,10352.41519,9989.510556,1.026846092
BTC,2020-09-11,10341.01598,10230.63553,10483.56121,10224.03739,1.034101598
BTC,2020-09-12,10380.5396,10347.66121,10403.75568,10214.66973,1.03805396
BTC,2020-09-13,10436.36541,10400.85545,10484.8759,10286.42747,1.043636541
BTC,2020-09-14,10313.06858,10450.94952,10585.88066,10226.42392,1.031306858
BTC,2020-09-15,10680.29756,10337.71258,10759.1361,10281.58014,1.068029756
BTC,2020-09-16,10829.50531,10683.00291,10944.65131,10636.18826,1.082950531
BTC,2020-09-17,11033.38353,10792.31023,11103.79648,10683.79026,1.103338353
BTC,2020-09-18,10937.11126,10966.38648,11061.28463,10762.41738,1.093711126
BTC,2020-09-19,10933.93116,10947.23137,11035.0532,10830.85247,1.093393116
BTC,2020-09-20,11048.87928,10940.13447,11180.39531,10904.19962,1.104887928
BTC,2020-09-21,10852.91014,11085.429,11085.429,10773.33219,1.085291014
BTC,2020-09-22,10526.20289,10925.51079,10991.69454,10322.59482,1.052620289
BTC,2020-09-23,10531.16456,10423.27155,10579.30131,10371.91657,1.053116456
BTC,2020-09-24,10260.03301,10536.31722,10541.16888,10209.06313,1.026003301
BTC,2020-09-25,10672.95681,10241.16589,10712.49925,10200.88278,1.067295681
BTC,2020-09-26,10729.06961,10736.65234,10759.7111,10569.43458,1.072906961
BTC,2020-09-27,10741.47647,10692.46427,10777.57591,10657.52315,1.074147647
BTC,2020-09-28,10752.34545,10734.50124,10802.37407,10599.58841,1.075234545
BTC,2020-09-29,10863.06572,10776.30436,10948.06266,10776.30436,1.086306572
BTC,2020-09-30,10764.28437,10691.97856,10793.60349,10640.69415,1.076428437
BTC,2020-10-01,10741.57955,10843.38826,10849.73073,10672.79503,1.074157955
BTC,2020-10-02,10626.60096,10778.89849,10931.6335,10470.69372,1.062660096
BTC,2020-10-03,10567.3302,10624.91072,10670.71056,10386.91138,1.05673302
BTC,2020-10-04,10555.02868,10578.91957,10609.23748,10512.33934,1.055502868
BTC,2020-10-05,10660.61118,10559.31466,10702.51138,10535.82272,1.066061118
BTC,2020-10-06,10756.40458,10672.16544,10770.46301,10630.95649,1.075640458
BTC,2020-10-07,10589.62639,10793.15206,10798.98132,10543.48911,1.058962639
BTC,2020-10-08,10645.75479,10600.66078,10680.64123,10554.84167,1.064575479
BTC,2020-10-09,10897.59543,10669.07004,10949.34337,10544.3758,1.089759543
BTC,2020-10-10,11052.39508,10929.59262,11106.33446,10843.4743,1.105239508
BTC,2020-10-11,11360.85272,11059.81357,11484.16448,11058.74049,1.136085272
BTC,2020-10-12,11334.02674,11293.20701,11436.21148,11282.50356,1.133402674
BTC,2020-10-13,11666.2117,11372.10996,11723.64386,11210.86134,1.16662117
BTC,2020-10-14,11443.73279,11534.60957,11564.64006,11333.53492,1.144373279
BTC,2020-10-15,11395.54737,11431.09404,11540.06492,11302.77704,1.139554737
BTC,2020-10-16,11504.54901,11433.45754,11610.2504,11291.89809,1.150454901
BTC,2020-10-17,11355.16044,11511.9022,11544.48601,11227.07106,1.135516044
BTC,2020-10-18,11358.70638,11329.99473,11410.16368,11282.94789,1.135870638
BTC,2020-10-19,11471.00255,11368.41235,11486.98541,11356.17416,1.147100255
BTC,2020-10-20,11776.593,11514.6451,11825.64774,11419.08229,1.1776593
BTC,2020-10-21,11936.36291,11754.18203,11993.92588,11693.78394,1.193636291
BTC,2020-10-22,13102.93446,11920.41139,13109.16597,11900.21384,1.310293446
BTC,2020-10-23,13140.66928,12801.68807,13192.25287,12697.45705,1.314066928
BTC,2020-10-24,12933.82357,12980.8801,13029.96389,12731.05779,1.293382357
BTC,2020-10-25,13081.67256,12929.8494,13168.33883,12877.93801,1.308167256
BTC,2020-10-26,13008.45326,13115.83352,13342.75028,12906.70059,1.300845326
BTC,2020-10-27,13033.52427,13038.91554,13243.9959,12811.54603,1.303352427
BTC,2020-10-28,13721.28222,13069.23614,13756.3317,13062.40879,1.372128222
BTC,2020-10-29,13282.26035,13647.57292,13847.53352,12894.89932,1.328226035
BTC,2020-10-30,13467.73178,13280.36559,13640.13894,12994.98437,1.346773178
BTC,2020-10-31,13573.7105,13461.38352,13667.74723,13134.48008,1.35737105
BTC,2020-11-01,13891.21683,13574.92722,14093.05295,13438.93538,1.389121683
BTC,2020-11-02,13730.19731,13810.64198,13907.31295,13641.54034,1.373019731
BTC,2020-11-03,13633.69822,13768.95676,13837.85118,13270.20734,1.363369822
BTC,2020-11-04,13832.93841,13565.13068,13842.47454,13301.61195,1.383293841
BTC,2020-11-05,14163.97682,14014.73488,14257.52971,13582.4022,1.416397682
BTC,2020-11-06,15424.52768,14156.60864,15494.57817,14104.90209,1.542452768
BTC,2020-11-07,15540.59659,15607.5055,15971.64142,15202.76451,1.554059659
BTC,2020-11-08,14783.98168,15603.25854,15764.1047,14330.68183,1.478398168
BTC,2020-11-09,15500.33425,14820.43647,15657.12904,14711.54819,1.550033425
BTC,2020-11-10,15283.78014,15481.90608,15810.77379,14845.79176,1.528378014
BTC,2020-11-11,15374.04439,15327.58839,15448.41275,15092.3898,1.537404439
BTC,2020-11-12,15820.49524,15316.74901,15973.07608,15294.29332,1.582049524
BTC,2020-11-13,16253.31027,15701.8651,16348.4628,15474.76108,1.625331027
BTC,2020-11-14,16347.04492,16302.8428,16487.48815,15971.1428,1.634704492
BTC,2020-11-15,15991.83302,16329.79889,16333.51314,15718.88879,1.599183302
BTC,2020-11-16,15918.08013,16078.97001,16167.39692,15792.77908,1.591808013
BTC,2020-11-17,16752.00299,15969.51601,16885.58019,15881.70385,1.675200299
BTC,2020-11-18,17593.48641,16718.59966,17831.23118,16560.99963,1.759348641
BTC,2020-11-19,17834.63653,17672.65284,18358.97625,17283.49485,1.783463653
BTC,2020-11-20,17954.85801,17786.21258,18170.83027,17381.23626,1.795485801
BTC,2020-11-21,18612.87067,17823.3433,18813.40769,17762.92882,1.861287067
BTC,2020-11-22,18591.8566,18666.58022,18964.64351,18368.28996,1.85918566
BTC,2020-11-23,18629.99554,18683.8472,18732.99132,17806.2676,1.862999554
BTC,2020-11-24,18469.20047,18405.5557,18752.16004,17990.11089,1.846920047
BTC,2020-11-25,19045.73647,18370.21961,19392.90868,18059.26543,1.904573647
BTC,2020-11-26,18746.93481,19136.08297,19391.46366,18640.64218,1.874693481
BTC,2020-11-27,17187.40628,18719.20716,18908.63553,16242.70294,1.718740628
BTC,2020-11-28,17023.9614,17180.71873,17482.2001,16489.30267,1.70239614
BTC,2020-11-29,17814.78028,17159.1095,17901.38262,16906.1761,1.781478028
BTC,2020-11-30,18114.41435,17742.82304,18356.31323,17545.19622,1.811441435
BTC,2020-12-01,19382.36059,18201.27725,19850.11449,18201.27725,1.938236059
BTC,2020-12-02,18980.97745,19677.98984,19920.53426,18171.75051,1.898097745
BTC,2020-12-03,19184.89785,18796.74864,19357.16459,18360.23172,1.918489785
BTC,2020-12-04,19464.5317,19220.59015,19607.85534,18899.48869,1.94645317
BTC,2020-12-05,18813.12476,19441.5588,19539.86235,18717.12493,1.881312476
BTC,2020-12-06,19045.02027,18668.15855,19200.79191,18518.85142,1.904502027
BTC,2020-12-07,19113.9334,19162.26446,19347.62491,18927.29956,1.91139334
BTC,2020-12-08,19107.5998,19373.44523,19433.09749,18931.5713,1.91075998
BTC,2020-12-09,18682.45783,19177.92617,19299.04708,18630.74248,1.868245783
BTC,2020-12-10,18543.00705,18320.23313,18618.96013,17640.56207,1.854300705
BTC,2020-12-11,18359.4766,18557.45291,18565.21617,17904.06899,1.83594766
BTC,2020-12-12,18137.31937,18255.77375,18293.55273,17593.1721,1.813731937
BTC,2020-12-13,18882.26017,18040.17062,18956.34444,18029.14317,1.888226017
BTC,2020-12-14,19060.2769,18822.50994,19408.67465,18726.84709,1.90602769
BTC,2020-12-15,19251.224,19161.13847,19323.16531,19015.68597,1.9251224
BTC,2020-12-16,19443.47635,19264.6703,19552.37198,19053.34247,1.944347635
BTC,2020-12-17,21310.65626,19433.14137,21447.52385,19293.29896,2.131065626
BTC,2020-12-18,22895.97624,21351.25481,23770.84657,21248.36533,2.289597624
BTC,2020-12-19,23008.77626,22819.5589,23261.25288,22357.60765,2.300877626
BTC,2020-12-20,23890.82265,23126.60677,24122.67327,22781.87678,2.389082265
BTC,2020-12-21,23537.36989,23829.2848,24273.0415,23085.95477,2.353736989
BTC,2020-12-22,23177.271,23476.0875,24081.05309,21960.19135,2.3177271
BTC,2020-12-23,23433.98076,22729.65929,23629.40446,22384.12785,2.343398076
BTC,2020-12-24,23224.45414,23791.56529,24086.95066,22644.56106,2.322445414
BTC,2020-12-25,23623.88553,23228.90909,23737.75715,22716.17417,2.362388553
BTC,2020-12-26,24581.00617,23726.191,24627.29791,23422.31033,2.458100617
BTC,2020-12-27,26381.29623,24708.20678,26750.87995,24497.41087,2.638129623
BTC,2020-12-28,26389.29026,26447.70807,28352.62782,25759.06861,2.638929026
BTC,2020-12-29,26718.02946,26226.06613,27447.55138,26046.62558,2.671802946
BTC,2020-12-30,26975.72956,27038.73568,27169.22556,25875.04979,2.697572956
BTC,2020-12-31,28768.83621,27349.32723,28928.21439,27349.2832,2.876883621
BTC,2021-01-01,29111.52157,28872.82977,29280.04533,27916.62506,2.911152157
BTC,2021-01-02,29333.60512,28935.81098,29601.5949,28753.41231,2.933360512
BTC,2021-01-03,32154.16736,29353.64061,33064.67353,29012.92789,3.215416736
BTC,2021-01-04,33002.53643,32074.10661,34452.08034,31885.58162,3.300253643
BTC,2021-01-05,31431.61228,32788.58345,33358.39935,28154.1103,3.143161228
BTC,2021-01-06,34433.60651,31991.92686,34435.41748,29948.65363,3.443360651
BTC,2021-01-07,36275.75635,34001.34476,36461.69177,33351.02812,3.627575635
BTC,2021-01-08,39713.50786,36806.41976,40324.01403,36356.43076,3.971350786
BTC,2021-01-09,40519.4486,39420.8007,41962.36213,36741.33018,4.05194486
BTC,2021-01-10,40258.92399,40558.10212,41375.43068,38766.27616,4.025892399
BTC,2021-01-11,38709.76537,40096.3332,41186.52343,34897.55047,3.870976537
BTC,2021-01-12,34409.64238,38132.53579,38204.75441,30305.30005,3.440964238
BTC,2021-01-13,34214.61026,35432.85914,36566.90906,32538.94117,3.421461026
BTC,2021-01-14,37017.0075,34070.32562,37798.8601,32470.58526,3.70170075
BTC,2021-01-15,38435.86351,37373.16196,40066.31976,36770.79512,3.843586351
BTC,2021-01-16,36751.58497,39127.67852,39673.0723,34425.48794,3.675158497
BTC,2021-01-17,36016.77961,36752.77118,37943.51217,35398.86752,3.601677961
BTC,2021-01-18,36375.81138,36016.75309,36840.13285,33870.13838,3.637581138
BTC,2021-01-19,36346.6095,35847.83342,37440.40401,34816.28925,3.63466095
BTC,2021-01-20,36577.51965,36639.98591,37876.15893,36136.53557,3.657751965
BTC,2021-01-21,35004.53263,35909.43225,36409.7086,33430.82199,3.500453263
BTC,2021-01-22,30606.18268,35491.42392,35612.7372,30077.27896,3.060618268
BTC,2021-01-23,33368.36593,30844.83315,33873.77299,28845.31148,3.336836593
BTC,2021-01-24,32070.09743,33000.44664,33501.24845,31451.2963,3.207009743
BTC,2021-01-25,32285.72613,32107.39182,33088.54855,30987.70386,3.228572613
BTC,2021-01-26,32500.25596,32297.50417,34893.98402,31949.28237,3.250025596
BTC,2021-01-27,32324.55565,32270.82562,32770.80461,31062.54953,3.232455565
BTC,2021-01-28,30534.99937,32497.84846,32570.2815,29452.78559,3.053499937
BTC,2021-01-29,33408.21834,30426.0844,33481.48542,29921.96008,3.340821834
BTC,2021-01-30,34842.55739,33424.59559,38468.07829,31984.00892,3.484255739
BTC,2021-01-31,34622.37323,34265.37666,34920.29115,32945.36998,3.462237323
BTC,2021-02-01,33087.36986,34304.23451,34373.73401,32229.54518,3.308736986
BTC,2021-02-02,33613.32076,33138.77651,34715.65573,32341.98991,3.361332076
BTC,2021-02-03,35632.90195,33525.28825,36008.31082,33437.74691,3.563290195
BTC,2021-02-04,37397.42636,35519.70777,37505.30371,35416.73178,3.739742636
BTC,2021-02-05,37256.25211,37645.94564,38731.08795,36207.49431,3.725625211
BTC,2021-02-06,37851.59659,36970.81227,38332.41692,36637.64562,3.785159659
BTC,2021-02-07,40302.79979,38305.27539,40999.04684,38233.72667,4.030279979
BTC,2021-02-08,38461.6814,39253.22773,39698.0659,37388.34169,3.84616814
BTC,2021-02-09,44716.68547,38853.29945,44981.86,38036.28325,4.471668547
BTC,2021-02-10,46674.85169,46433.48964,48226.25089,45058.069,4.667485169
BTC,2021-02-11,45237.47569,46512.99056,47374.35591,43886.27604,4.523747569
BTC,2021-02-12,47500.89752,44859.84767,48600.63193,44070.72706,4.750089752
BTC,2021-02-13,47884.18286,47992.62291,48925.53448,46550.14795,4.788418286
BTC,2021-02-14,47005.19065,47405.55715,48189.77799,46333.57366,4.700519065
BTC,2021-02-15,49151.16758,47231.13334,49716.43638,47105.17175,4.915116758
BTC,2021-02-16,48125.9922,48654.83072,49037.91611,45926.25155,4.81259922
BTC,2021-02-17,48840.41447,47944.48497,50584.84895,47088.83608,4.884041447
BTC,2021-02-18,52165.30256,49186.33387,52621.83507,48990.89519,5.216530256
BTC,2021-02-19,51728.5088,52146.00339,52532.29712,50971.74318,5.17285088
BTC,2021-02-20,55719.20436,51598.14371,56283.54984,50821.47282,5.571920436
BTC,2021-02-21,54801.64864,55917.03918,57487.02831,54039.67392,5.480164864
BTC,2021-02-22,57128.64261,55913.35145,58332.36462,55531.5507,5.712864261
BTC,2021-02-23,54181.91465,57453.35801,57535.86348,47780.74958,5.418191465
BTC,2021-02-24,48172.87748,54124.53909,54180.23218,45047.78286,4.817287748
BTC,2021-02-25,48745.43298,48923.03508,51413.61356,47032.52426,4.874543298
BTC,2021-02-26,48291.41208,49746.65163,52076.31772,47501.6748,4.829141208
BTC,2021-02-27,45752.11492,47135.55173,48453.73863,44279.44954,4.575211492
BTC,2021-02-28,46642.60608,46326.82407,48353.001,46207.70578,4.664260608
BTC,2021-03-01,45092.80657,46204.05856,46675.19785,43119.15702,4.509280657
BTC,2021-03-02,49248.91401,45234.36876,49520.72499,45044.38376,4.924891401
BTC,2021-03-03,47900.77688,49636.02146,50211.43717,47200.04217,4.790077688
BTC,2021-03-04,50811.85517,48526.99036,52636.22299,48195.1231,5.081185517
BTC,2021-03-05,48259.48708,50433.43615,51781.96783,47578.30723,4.825948708
BTC,2021-03-06,49149.73083,48404.21363,49462.13301,46393.39146,4.914973083
BTC,2021-03-07,48879.1519,48791.79051,49173.76187,47127.04097,4.88791519
BTC,2021-03-08,50594.69857,48887.56641,51222.8723,48887.56641,5.059469857
BTC,2021-03-09,51503.25813,50948.88071,51916.41395,49390.18272,5.150325813
BTC,2021-03-10,54458.03781,52360.74816,54804.07845,51865.59003,5.445803781
BTC,2021-03-11,56915.17394,54924.68653,57336.74541,53101.23637,5.691517394
BTC,2021-03-12,57636.75796,55898.86482,58034.70396,54323.6085,5.763675796
BTC,2021-03-13,57306.16626,57817.27021,58077.9516,55116.25835,5.730616626
BTC,2021-03-14,60743.04182,57227.23345,61556.59449,56124.14999,6.074304182
BTC,2021-03-15,60197.90199,60972.49128,61453.05834,59275.70383,6.019790199
BTC,2021-03-16,56300.33411,58962.48846,60570.69365,54790.32931,5.630033411
BTC,2021-03-17,56639.78395,55668.62353,56821.88244,53350.36773,5.663978395
BTC,2021-03-18,58567.28378,56908.56502,58923.54893,54201.70163,5.856728378
BTC,2021-03-19,57983.09474,58883.01836,60074.36985,57075.06857,5.798309474
BTC,2021-03-20,58451.73147,57661.41518,59461.77526,56327.79283,5.845173147
BTC,2021-03-21,58593.60245,58127.68804,59919.21177,57914.89451,5.859360245
BTC,2021-03-22,57796.46737,58139.30027,58649.13419,55645.05427,5.779646737
BTC,2021-03-23,54329.35863,57389.21162,58407.61921,53795.15409,5.432935863
BTC,2021-03-24,54794.29771,54143.10604,55858.36925,53031.32679,5.479429771
BTC,2021-03-25,52787.74553,54375.80763,57225.29881,51777.97109,5.278774553
BTC,2021-03-26,52173.86798,52335.56503,53209.40638,50458.09997,5.217386798
BTC,2021-03-27,54483.04573,51344.04898,54806.88151,51286.29118,5.448304573
BTC,2021-03-28,56234.35611,55067.8244,56520.30729,54022.07694,5.623435611
BTC,2021-03-29,55343.92582,55843.74892,56541.00653,54741.62637,5.534392582
BTC,2021-03-30,57627.67925,55786.54607,58353.52939,54929.68059,5.762767925
BTC,2021-03-31,58734.47543,57613.16126,59379.99216,57069.22927,5.873447543
BTC,2021-04-01,58724.66452,58810.15589,59835.39233,56934.31212,5.872466452
BTC,2021-04-02,58984.61293,58764.43309,59458.98456,57973.3521,5.898461293
BTC,2021-04-03,58821.62699,58726.08457,60101.75233,58478.59835,5.882162699
BTC,2021-04-04,57517.79877,58958.42898,59713.21014,57185.76801,5.751779877
BTC,2021-04-05,58177.40276,57134.86005,58540.98471,56552.22227,5.817740276
BTC,2021-04-06,58843.55954,58230.67554,59243.03618,56846.96905,5.884355954
BTC,2021-04-07,58040.1876,59133.65574,59484.19947,57421.85309,5.80401876
BTC,2021-04-08,56508.94286,58030.62185,58645.77297,55541.90613,5.650894286
BTC,2021-04-09,57880.90568,55996.08036,58179.65686,55758.49118,5.788090568
BTC,2021-04-10,58171.90902,58094.74413,58880.82161,57717.85978,5.817190902
BTC,2021-04-11,59295.95004,58149.65059,61065.22262,57924.07526,5.929595004
BTC,2021-04-12,59822.90168,59765.10382,60588.47197,59229.86011,5.982290168
BTC,2021-04-13,59853.19724,59998.15991,61219.71861,59428.21475,5.985319724
BTC,2021-04-14,63223.88439,59841.56137,63707.34236,59799.44058,6.322388439
BTC,2021-04-15,62926.55718,63562.67354,64801.78787,61400.28397,6.292655718
BTC,2021-04-16,63346.78904,62987.27018,63850.25073,62094.63291,6.334678904
BTC,2021-04-17,61965.7826,63225.09392,63520.32537,60033.53467,6.19657826
BTC,2021-04-18,60574.44473,61444.2325,62534.0285,59802.88927,6.057444473
BTC,2021-04-19,56850.83017,60191.52541,60531.98885,52148.98354,5.685083017
BTC,2021-04-20,56224.10159,56335.38914,57609.36812,54449.24533,5.622410159
BTC,2021-04-21,56608.76975,55723.22726,57121.9439,53442.85166,5.660876975
BTC,2021-04-22,54144.42748,56508.15124,56809.14639,53913.85052,5.414442748
BTC,2021-04-23,51965.05956,53830.82386,55471.07637,50500.73186,5.196505956
BTC,2021-04-24,50669.14438,51714.07397,52111.18507,47467.91203,5.066914438
BTC,2021-04-25,50733.7695,51217.17233,51253.44295,48932.15881,5.07337695
BTC,2021-04-26,48542.9522,50177.2374,50668.65902,47105.59307,4.85429522
BTC,2021-04-27,53558.70784,49139.23095,54398.59279,48854.58137,5.355870784
BTC,2021-04-28,55123.86198,54059.47407,55398.07415,53351.1154,5.512386198
BTC,2021-04-29,54591.51533,55086.93871,56458.63581,53915.35483,5.459151533
BTC,2021-04-30,53260.29534,54893.87167,55224.90796,52403.74361,5.326029534
BTC,2021-05-01,57302.64642,53598.8795,57434.93313,53097.76279,5.730264642
BTC,2021-05-02,57677.97522,57741.02091,58511.25605,57062.70007,5.767797522
BTC,2021-05-03,56427.04313,57824.30019,57925.74157,56123.03951,5.642704313
BTC,2021-05-04,57255.30684,56639.43979,59001.35964,56508.24045,5.725530684
BTC,2021-05-05,53658.84312,57218.80533,57246.89119,53613.59522,5.365884312
BTC,2021-05-06,57252.70218,53270.22912,57977.61342,52987.15866,5.725270218
BTC,2021-05-07,56583.84988,57459.05218,58368.68209,55330.72786,5.658384988
BTC,2021-05-08,57107.12067,56439.1334,58724.11078,55320.95812,5.710712067
BTC,2021-05-09,58788.20968,57419.14789,59575.46311,57028.49805,5.878820968
BTC,2021-05-10,58102.19143,58966.91501,59249.14168,56494.91533,5.810219143
BTC,2021-05-11,55715.54665,58308.31805,59560.02546,53774.62824,5.571554665
BTC,2021-05-12,56573.55547,55899.75297,56956.07503,54571.69321,5.657355547
BTC,2021-05-13,52147.82119,56767.71106,58036.50978,51625.54785,5.214782119
BTC,2021-05-14,49764.13208,49596.77889,51448.79858,46294.72018,4.976413208
BTC,2021-05-15,50032.69314,49717.35435,51578.31254,48944.34654,5.003269314
BTC,2021-05-16,47885.62525,49926.03507,50690.80295,47005.10229,4.788562525
BTC,2021-05-17,45604.61575,46805.53785,49670.41417,43868.63897,4.560461575
BTC,2021-05-18,43144.47129,46439.33657,46622.85344,42102.34643,4.314447129
BTC,2021-05-19,43196.04648,43559.59756,45850.23167,42469.97557,4.319604648
BTC,2021-05-20,39439.23764,42920.74886,43604.56959,30201.95732,3.943923764
BTC,2021-05-21,39756.08985,36795.42298,42589.86396,35670.94838,3.975608985
BTC,2021-05-22,36921.76781,40685.32514,42278.00518,33594.9589,3.692176781
